sku,qty
RT105Indira,0
RT105Indira240x170,2
RT105Indira300x200,3
RT105Indira350x250,3
RT105Indira400x300,1
RT105Indira200x80,2
RT105Indira240x80,5
RT105Indira300x80,1
RT105Indira350x80,3
RTOR130Nerio,0
RTOR130Nerio140x70,8
RTOR130Nerio160x90,4
RTOR130Nerio200x140,2
RTOR130Nerio240x170,4
RTOR130Nerio300x200,3
RTOR130Nerio350x250,2
RTOR130Nerio200x80,1
RTOR130Nerio300x80,1
RTOR130Nerio400x80,4
116117Hemilio,0
116117Hemilio140x70,5
116117Hemilio160x90,6
116117Hemilio200x140,1
116117Hemilio240x170,1
116117Hemilio300x200,5
116117Hemilio300x80,4
RSMilano,0
RSMilano140x70,12
RSMilano200x140,5
RSMilano240x170,8
RSMilano290x200,10
RSMilano340x240,1
RSMilano300x80,9
RDMilano,0
RDMilano140x70,11
RDMilano200x140,7
RDMilano240x170,5
RDMilano290x200,7
RDMilano340x240,2
RDMilano300x80,6
SVMilano,0
SVMilano140x70,0
SVMilano200x140,0
SVMilano240x170,2
SVMilano290x200,1
SVMilano340x240,2
SVMilano300x80,8
GRMilano,0
GRMilano140x70,0
GRMilano200x140,0
GRMilano240x170,3
GRMilano290x200,9
GRMilano340x240,3
GRMilano300x80,6
BLMilano,0
BLMilano140x70,1
BLMilano200x140,0
BLMilano240x170,3
BLMilano290x200,5
BLMilano300x80,8
ORMilano,0
ORMilano140x70,8
ORMilano200x140,5
ORMilano240x170,6
ORMilano290x200,6
ORMilano340x240,1
ORMilano300x80,9
BRMilano,0
BRMilano140x70,9
BRMilano200x140,5
BRMilano240x170,4
BRMilano290x200,6
BRMilano340x240,2
BRMilano300x80,9
BLManhat,0
BLManhat140x70,5
BLManhat200x150,0
BLManhat240x170,0
BLManhat290x200,1
BLManhat300x80,8
BRManhat,0
BRManhat140x70,8
BRManhat200x150,1
BRManhat240x170,2
BRManhat290x200,1
BRManhat340x240,1
BRManhat300x80,12
GRManhat,0
GRManhat140x70,5
GRManhat200x150,0
GRManhat240x170,0
GRManhat290x200,1
GRManhat300x80,11
GDManhat,0
GDManhat140x70,4
GDManhat200x150,0
GDManhat240x170,0
GDManhat290x200,0
GDManhat300x80,10
ORLagune,0
ORLagune140x70,9
ORLagune180x120,10
ORLagune240x170,9
ORLagune300x200,6
RDLagune,0
RDLagune140x70,5
RDLagune180x120,10
RDLagune240x170,6
RDLagune300x200,7
BLLagune,0
BLLagune140x70,6
BLLagune180x120,3
BLLagune240x170,6
BLLagune300x200,5
SVLagune,0
SVLagune140x70,6
SVLagune180x120,6
SVLagune240x170,7
SVLagune300x200,7
GDLagune,0
GDLagune140x70,10
GDLagune180x120,10
GDLagune240x170,10
GDLagune300x200,8
AQComet,0
AQComet140x70,8
AQComet180x120,10
AQComet240x170,9
AQComet300x200,6
RDComet,0
RDComet140x70,11
RDComet180x120,10
RDComet240x170,11
RDComet300x200,9
BLComet,0
BLComet140x70,9
BLComet180x120,4
BLComet240x170,9
BLComet300x200,6
SVComet,0
SVComet140x70,11
SVComet180x120,8
SVComet240x170,8
SVComet300x200,7
BGJaipur,0
BGJaipur140x70,59
BGJaipur160x90,18
BGJaipur180x120,1
BGJaipur300x200,8
GDJaipur,0
GDJaipur140x70,2
GDJaipur160x90,12
GDJaipur240x170,3
GDJaipur300x200,1
BLJaipur,0
BLJaipur140x70,5
BLJaipur300x200,1
RDJaipur,0
RDJaipur140x70,28
RDJaipur160x90,4
RDJaipur240x170,7
RDJaipur350x250,1
ORJaipur,0
ORJaipur140x70,9
ORJaipur160x90,9
ORJaipur180x120,1
ORJaipur240x170,8
ORJaipur300x200,3
BGD2Loweo,0
BGD2Loweo240x170,36
BGD2Loweo300x200,2
MLRDFancy,0
MLRDFancy140x70,4
MLRDFancy160x90,1
MLRDFancy180x120,2
MLRDFancy240x170,6
MLRDFancy300x200,9
MLRDFancy200x80,9
MLRDFancy300x80,4
RDFancy,0
RDFancy140x70,25
RDFancy160x90,2
RDFancy180x120,21
RDFancy200x140,7
RDFancy240x170,17
RDFancy300x200,24
RDFancy200x80,23
RDFancy300x80,21
ORFancy,0
ORFancy140x70,0
ORFancy160x90,4
ORFancy180x120,3
ORFancy200x140,4
ORFancy240x170,1
ORFancy300x200,4
ORFancy200x80,2
ORFancy300x80,8
BLFancy,0
BLFancy140x70,5
BLFancy160x90,12
BLFancy180x120,3
BLFancy200x140,4
BLFancy240x170,5
BLFancy300x200,0
BLFancy200x80,4
BLFancy300x80,4
GDFancy,0
GDFancy140x70,6
GDFancy160x90,4
GDFancy180x120,3
GDFancy200x140,5
GDFancy240x170,5
GDFancy300x200,2
GDFancy200x80,10
GDFancy300x80,4
PURFancy,0
PURFancy140x70,23
PURFancy160x90,10
PURFancy180x120,10
PURFancy200x140,8
PURFancy240x170,16
PURFancy300x200,17
PURFancy200x80,19
PURFancy300x80,19
GRFancy,0
GRFancy140x70,5
GRFancy160x90,11
GRFancy180x120,0
GRFancy200x140,5
GRFancy240x170,7
GRFancy300x200,0
GRFancy200x80,10
GRFancy300x80,10
GREYFancy,0
GREYFancy140x70,17
GREYFancy160x90,3
GREYFancy180x120,10
GREYFancy200x140,7
GREYFancy240x170,17
GREYFancy300x200,13
GREYFancy200x80,22
GREYFancy300x80,25
BRFancy,0
BRFancy140x70,17
BRFancy160x90,8
BRFancy180x120,18
BRFancy200x140,9
BRFancy240x170,17
BRFancy300x200,20
BRFancy200x80,12
BRFancy300x80,19
TKFancy,0
TKFancy140x70,21
TKFancy160x90,4
TKFancy180x120,16
TKFancy200x140,7
TKFancy240x170,19
TKFancy300x200,17
TKFancy200x80,22
TKFancy300x80,19
WHFancy,0
WHFancy140x70,25
WHFancy180x120,31
WHFancy200x140,12
WHFancy240x170,29
WHFancy300x200,20
WHFancy200x80,20
WHFancy300x80,12
SC121Tella,0
SC121Tella140x70,0
SC121Tella200x140,0
SC121Tella240x170,0
SC121Tella250x200,0
SC121Tella300x200,3
SC121Tella300x250,0
SC121Tella350x250,1
SC121Tella300x80,0
RT121Tella,0
RT121Tella140x70,0
RT121Tella160x90,2
RT121Tella200x140,0
RT121Tella240x170,0
RT121Tella250x200,0
RT121Tella300x200,1
RT121Tella350x250,1
RT121Tella300x80,0
RT121Tella400x80,3
RDArvin,0
RDArvin90x60,6
RDArvin140x70,5
RDArvin160x90,6
RDArvin200x140,6
RDArvin240x170,7
RDArvin300x200,4
RDArvin350x250,2
RDArvin200x80,2
RDArvin200x200R,1
WHArvin,0
WHArvin90x60,4
WHArvin140x70,3
WHArvin160x90,6
WHArvin200x140,6
WHArvin240x170,6
WHArvin300x200,4
WHArvin350x250,2
WHArvin200x80,6
WHArvin200x200R,2
BKArvin,0
BKArvin90x60,6
BKArvin140x70,5
BKArvin160x90,5
BKArvin200x140,6
BKArvin240x170,3
BKArvin300x200,5
BKArvin350x250,1
BKArvin200x80,6
BKArvin200x200R,2
BLArvin,0
BLArvin90x60,4
BLArvin140x70,5
BLArvin160x90,4
BLArvin200x140,6
BLArvin240x170,7
BLArvin300x200,5
BLArvin350x250,2
BLArvin200x80,7
BLArvin200x200R,2
TKArvin,0
TKArvin90x60,6
TKArvin140x70,5
TKArvin160x90,6
TKArvin200x140,6
TKArvin240x170,2
TKArvin300x200,5
TKArvin350x250,2
TKArvin200x80,5
TKArvin200x200R,2
BG106Luxo,0
BG106Luxo140x70,9
BG106Luxo160x90,7
BG106Luxo200x140,6
BG106Luxo240x170,4
BG106Luxo300x200,4
BG106Luxo350x250,0
BG106Luxo300x80,3
RTOR106Luxo,0
RTOR106Luxo140x70,5
RTOR106Luxo160x90,1
RTOR106Luxo200x140,1
RTOR106Luxo240x170,0
RTOR106Luxo300x200,0
RTOR106Luxo350x250,1
RTOR106Luxo300x80,0
RTOR106Luxo400x80,3
SV106Luxo,0
SV106Luxo140x70,9
SV106Luxo200x140,5
SV106Luxo240x170,0
SV106Luxo300x200,4
SV106Luxo350x250,3
SV106Luxo300x80,0
SV106Luxo400x80,3
GDNova,0
GDNova140x70,8
GDNova200x140,9
GDNova240x170,8
GDNova300x200,6
GDNova300x250,2
GDNova350x250,3
GDNova200x80,4
GDNova300x80,2
BGNova,0
BGNova140x70,10
BGNova200x140,11
BGNova240x170,7
BGNova300x200,8
BGNova350x250,2
BGNova400x300,2
BGNova200x80,3
BGNova300x80,0
GRNova,0
GRNova140x70,3
GRNova200x140,3
GRNova240x170,3
GRNova300x200,2
GRNova300x250,2
GRNova350x250,1
GRNova200x80,6
GRNova300x80,3
GREYNova,0
GREYNova140x70,10
GREYNova200x140,8
GREYNova240x170,8
GREYNova300x200,7
GREYNova300x250,1
GREYNova350x250,4
GREYNova400x300,2
GREYNova200x80,1
GREYNova300x80,2
RDNova,0
RDNova140x70,8
RDNova200x140,8
RDNova240x170,7
RDNova300x200,4
RDNova350x250,3
RDNova400x300,2
RDNova300x80,0
ORFlowy,0
ORFlowy140x70,5
ORFlowy200x140,3
ORFlowy240x170,3
ORFlowy300x200,3
ORFlowy350x250,2
ORFlowy400x300,2
ORFlowy200x80,4
ORFlowy300x80,3
WHFlowy,0
WHFlowy140x70,1
WHFlowy200x140,1
WHFlowy240x170,0
WHFlowy300x200,1
WHFlowy350x250,0
WHFlowy200x80,3
WHFlowy300x80,2
BLFlowy,0
BLFlowy140x70,1
BLFlowy200x140,1
BLFlowy240x170,3
BLFlowy300x200,2
BLFlowy350x250,2
BLFlowy400x300,1
BLFlowy200x80,2
BLFlowy300x80,3
GRFlowy,0
GRFlowy140x70,5
GRFlowy200x140,4
GRFlowy240x170,5
GRFlowy300x200,2
GRFlowy350x250,1
GRFlowy400x300,1
GRFlowy200x80,3
GRFlowy300x80,2
RDFlowy,0
RDFlowy140x70,3
RDFlowy200x140,5
RDFlowy240x170,4
RDFlowy300x200,3
RDFlowy350x250,2
RDFlowy200x80,4
RDFlowy300x80,4
WHElite,0
WHElite140x70,6
WHElite200x140,8
WHElite240x170,6
WHElite300x200,6
WHElite350x250,3
WHElite300x80,5
RTElite,0
RTElite140x70,6
RTElite200x140,6
RTElite240x170,6
RTElite300x200,6
RTElite350x250,3
RTElite300x80,4
BLElite,0
BLElite140x70,8
BLElite200x140,7
BLElite240x170,6
BLElite300x200,5
BLElite350x250,3
BLElite300x80,3
GRBarossa,0
GRBarossa140x70,6
GRBarossa180x120,9
GRBarossa200x150,5
GRBarossa240x170,16
GRBarossa250x200,4
GRBarossa300x200,8
GRBarossa300x250,4
GRBarossa350x250,4
GRBarossa400x300,1
GRBarossa200x80,4
GRBarossa300x80,4
GRBarossa250x250Q,2
BLBarossa,0
BLBarossa140x70,0
BLBarossa180x120,10
BLBarossa200x150,6
BLBarossa240x170,14
BLBarossa250x200,4
BLBarossa300x200,8
BLBarossa300x250,4
BLBarossa350x250,3
BLBarossa400x300,1
BLBarossa200x80,4
BLBarossa300x80,6
BLBarossa250x250Q,2
ORBarossa,0
ORBarossa140x70,6
ORBarossa180x120,4
ORBarossa200x150,7
ORBarossa240x170,7
ORBarossa250x200,2
ORBarossa300x200,4
ORBarossa300x250,2
ORBarossa350x250,2
ORBarossa400x300,1
ORBarossa200x80,4
ORBarossa300x80,2
ORBarossa250x250Q,1
RDBarossa,0
RDBarossa140x70,6
RDBarossa180x120,9
RDBarossa200x150,6
RDBarossa240x170,14
RDBarossa250x200,4
RDBarossa300x200,8
RDBarossa300x250,4
RDBarossa350x250,5
RDBarossa400x300,1
RDBarossa200x80,4
RDBarossa300x80,8
RDBarossa250x250Q,2
GDBarossa,0
GDBarossa140x70,0
GDBarossa180x120,9
GDBarossa200x150,6
GDBarossa240x170,18
GDBarossa250x200,4
GDBarossa300x200,8
GDBarossa300x250,4
GDBarossa350x250,4
GDBarossa400x300,1
GDBarossa200x80,2
GDBarossa300x80,6
GDBarossa250x250Q,2
BLRDBarossa,0
BLRDBarossa140x70,0
BLRDBarossa180x120,4
BLRDBarossa200x150,5
BLRDBarossa240x170,6
BLRDBarossa250x200,2
BLRDBarossa300x200,4
BLRDBarossa300x250,1
BLRDBarossa350x250,1
BLRDBarossa400x300,1
BLRDBarossa200x80,4
BLRDBarossa300x80,3
BLRDBarossa250x250Q,1
RDSahara,0
RDSahara60x40,0
RDSahara90x60,0
RDSahara140x70,9
RDSahara200x140,5
RDSahara240x170,7
RDSahara250x200,5
RDSahara300x200,6
RDSahara300x250,3
RDSahara350x250,0
RDSahara400x300,1
RDSahara200x80,3
RDSahara240x80,4
RDSahara300x80,1
RDSahara200x200Q,6
RDSahara250x250Q,4
ORSahara,0
ORSahara60x40,3
ORSahara90x60,0
ORSahara140x70,8
ORSahara200x140,2
ORSahara240x170,10
ORSahara250x200,3
ORSahara300x200,8
ORSahara300x250,5
ORSahara350x250,0
ORSahara400x300,2
ORSahara200x80,3
ORSahara300x80,9
ORSahara200x200Q,0
ORSahara250x250Q,6
GRSahara,0
GRSahara60x40,0
GRSahara90x60,0
GRSahara140x70,0
GRSahara200x140,3
GRSahara240x170,0
GRSahara300x200,1
GRSahara300x250,1
GRSahara350x250,0
GRSahara400x300,2
GRSahara200x80,2
GRSahara300x80,2
GRSahara200x200Q,3
GRSahara250x250Q,3
BRSahara,0
BRSahara60x40,0
BRSahara90x60,0
BRSahara140x70,4
BRSahara200x140,1
BRSahara240x170,5
BRSahara250x200,1
BRSahara300x200,1
BRSahara350x250,4
BRSahara200x80,4
BRSahara300x80,3
BRSahara200x200Q,1
BRSahara250x250Q,1
BRSahara250x250R,1
BLSahara,0
BLSahara60x40,0
BLSahara90x60,0
BLSahara140x70,0
BLSahara200x140,1
BLSahara240x170,6
BLSahara250x200,2
BLSahara300x200,2
BLSahara300x250,3
BLSahara350x250,3
BLSahara400x300,4
BLSahara200x80,2
BLSahara300x80,4
BLSahara200x200Q,0
BLSahara250x250Q,3
GDSahara,0
GDSahara60x40,0
GDSahara90x60,0
GDSahara140x70,0
GDSahara200x140,0
GDSahara240x170,5
GDSahara250x200,3
GDSahara300x200,1
GDSahara300x250,4
GDSahara350x250,0
GDSahara300x80,0
GDSahara200x200Q,2
GDSahara250x250Q,3
GDUni,0
GDUni60x40,24
GDUni90x60,0
GDUni140x70,0
GDUni200x140,0
GDUni240x170,1
GDUni300x200,0
GDUni300x250,0
GDUni350x250,1
GDUni300x80,0
RDUni,0
RDUni60x40,0
RDUni90x60,0
RDUni140x70,0
RDUni160x90,1
RDUni200x140,0
RDUni240x170,2
RDUni300x200,1
RDUni300x250,0
RDUni350x250,4
RDUni400x300,4
RDUni240x80,1
RDUni300x80,0
RDUni350x80,2
RTUni,0
RTUni60x40,0
RTUni90x60,0
RTUni140x70,2
RTUni160x90,11
RTUni200x140,5
RTUni240x170,11
RTUni300x200,10
RTUni300x250,2
RTUni350x250,5
RTUni200x80,6
RTUni300x80,0
RTUni400x80,4
DKCAUni,0
DKCAUni60x40,0
DKCAUni90x60,0
DKCAUni140x70,5
DKCAUni160x90,6
DKCAUni200x140,0
DKCAUni240x170,1
DKCAUni300x200,0
DKCAUni300x250,0
DKCAUni350x250,4
DKCAUni200x80,2
DKCAUni240x80,1
DKCAUni300x80,0
DKCAUni400x80,2
SCUni,0
SCUni60x40,0
SCUni90x60,0
SCUni140x70,0
SCUni160x90,3
SCUni200x140,0
SCUni240x170,2
SCUni300x200,0
SCUni300x250,1
SCUni350x250,1
SCUni400x300,1
SCUni200x80,5
SCUni300x80,5
SCUni400x80,5
ORUni,0
ORUni60x40,5
ORUni90x60,0
ORUni140x70,0
ORUni160x90,1
ORUni200x140,2
ORUni240x170,8
ORUni300x200,0
ORUni300x250,0
ORUni350x250,2
ORUni400x300,2
ORUni200x80,1
ORUni240x80,1
ORUni300x80,0
ORUni350x80,4
ORUni200x200R,2
TKUni,0
TKUni60x40,2
TKUni90x60,0
TKUni140x70,6
TKUni160x90,5
TKUni200x140,5
TKUni240x170,4
TKUni300x200,7
TKUni300x250,0
TKUni350x250,0
TKUni200x80,2
TKUni300x80,5
TKUni400x80,4
TKUni200x200R,1
LIBL566Uni,0
LIBL566Uni60x40,13
LIBL566Uni90x60,0
LIBL566Uni140x70,0
LIBL566Uni200x140,1
LIBL566Uni240x170,3
LIBL566Uni300x200,4
LIBL566Uni300x250,0
LIBL566Uni350x250,3
LIBL566Uni400x300,2
LIBL566Uni300x80,2
SEABL511Uni,0
SEABL511Uni60x40,1
SEABL511Uni90x60,1
SEABL511Uni140x70,5
SEABL511Uni200x140,3
SEABL511Uni240x170,3
SEABL511Uni300x200,2
SEABL511Uni300x250,1
SEABL511Uni350x250,2
SEABL511Uni200x80,2
SEABL511Uni300x80,2
SEABL511Uni400x80,1
SEABL511Uni200x200Q,1
SEABL511Uni200x200R,1
BLUni,0
BLUni60x40,2
BLUni90x60,0
BLUni140x70,0
BLUni160x90,3
BLUni200x140,0
BLUni240x170,8
BLUni300x200,5
BLUni300x250,0
BLUni350x250,2
BLUni300x80,0
BLUni400x80,2
GREYUni,0
GREYUni60x40,0
GREYUni90x60,0
GREYUni140x70,10
GREYUni160x90,3
GREYUni200x140,3
GREYUni240x170,2
GREYUni300x200,7
GREYUni300x250,1
GREYUni350x250,0
GREYUni400x300,1
GREYUni200x80,5
GREYUni300x80,7
GREYUni400x80,7
GREYUni200x200R,2
SVUni,0
SVUni60x40,4
SVUni90x60,0
SVUni140x70,0
SVUni160x90,2
SVUni200x140,0
SVUni240x170,2
SVUni300x200,3
SVUni300x250,0
SVUni350x250,2
SVUni400x300,1
SVUni240x80,2
SVUni300x80,0
SVUni350x80,3
SVUni200x200R,1
NAUni,0
NAUni60x40,0
NAUni90x60,0
NAUni140x70,0
NAUni200x140,0
NAUni240x170,1
NAUni300x200,0
NAUni300x250,0
NAUni350x250,0
NAUni240x80,1
NAUni300x80,1
NAUni200x200Q,0
BGUni,0
BGUni60x40,8
BGUni90x60,0
BGUni140x70,0
BGUni160x90,2
BGUni200x140,0
BGUni240x170,1
BGUni300x200,0
BGUni300x250,0
BGUni350x250,0
BGUni240x80,3
BGUni300x80,0
BGUni350x80,4
BGUni200x200Q,0
RS561Uni,0
RS561Uni60x40,1
RS561Uni90x60,2
RS561Uni140x70,2
RS561Uni200x140,3
RS561Uni240x170,2
RS561Uni300x200,1
RS561Uni300x250,1
RS561Uni350x250,2
RS561Uni200x80,2
RS561Uni300x80,2
RS561Uni400x80,1
RS561Uni200x200R,2
FL533Uni,0
FL533Uni60x40,3
FL533Uni90x60,2
FL533Uni140x70,8
FL533Uni200x140,4
FL533Uni240x170,7
FL533Uni300x200,6
FL533Uni300x250,0
FL533Uni350x250,3
FL533Uni400x300,2
FL533Uni200x80,4
FL533Uni240x80,1
FL533Uni300x80,3
FL533Uni400x80,6
FL533Uni200x200Q,2
FL533Uni200x200R,1
FU564Uni,0
FU564Uni60x40,0
FU564Uni90x60,0
FU564Uni140x70,8
FU564Uni200x140,6
FU564Uni240x170,4
FU564Uni300x200,10
FU564Uni300x250,1
FU564Uni350x250,2
FU564Uni400x300,2
FU564Uni200x80,4
FU564Uni300x80,1
FU564Uni400x80,6
FU564Uni200x200Q,2
FU564Uni200x200R,2
PUR530Uni,0
PUR530Uni60x40,4
PUR530Uni90x60,2
PUR530Uni140x70,1
PUR530Uni200x140,0
PUR530Uni240x170,1
PUR530Uni300x200,0
PUR530Uni300x250,1
PUR530Uni350x250,1
PUR530Uni300x80,2
PUR530Uni400x80,4
PUR530Uni200x200Q,1
PUR530Uni200x200R,1
MTGRUni,0
MTGRUni60x40,10
MTGRUni90x60,0
MTGRUni140x70,1
MTGRUni160x90,3
MTGRUni200x140,0
MTGRUni240x170,0
MTGRUni300x200,0
MTGRUni300x250,0
MTGRUni350x250,2
MTGRUni400x300,1
MTGRUni300x80,2
MTGRUni350x80,1
MTGRUni200x200Q,1
LGR550Uni,0
LGR550Uni60x40,0
LGR550Uni90x60,0
LGR550Uni140x70,0
LGR550Uni200x140,0
LGR550Uni240x170,0
LGR550Uni300x200,2
LGR550Uni300x250,0
LGR550Uni350x250,3
LGR550Uni400x300,2
LGR550Uni200x80,3
LGR550Uni300x80,4
LGR550Uni400x80,4
LGR550Uni200x200R,1
SEAGR506Uni,0
SEAGR506Uni60x40,1
SEAGR506Uni90x60,1
SEAGR506Uni140x70,4
SEAGR506Uni160x90,1
SEAGR506Uni200x140,1
SEAGR506Uni240x170,2
SEAGR506Uni300x200,3
SEAGR506Uni300x250,1
SEAGR506Uni350x250,1
SEAGR506Uni200x80,1
SEAGR506Uni300x80,2
SEAGR506Uni400x80,2
SGR567Uni,0
SGR567Uni60x40,0
SGR567Uni90x60,3
SGR567Uni140x70,8
SGR567Uni200x140,3
SGR567Uni240x170,4
SGR567Uni300x200,5
SGR567Uni300x250,1
SGR567Uni350x250,3
SGR567Uni400x300,1
SGR567Uni200x80,3
SGR567Uni300x80,3
SGR567Uni400x80,4
SGR567Uni200x200Q,1
SGR567Uni200x200R,1
DKGR505Uni,0
DKGR505Uni60x40,0
DKGR505Uni90x60,1
DKGR505Uni140x70,0
DKGR505Uni200x140,4
DKGR505Uni240x170,2
DKGR505Uni300x200,4
DKGR505Uni300x250,1
DKGR505Uni350x250,3
DKGR505Uni400x300,1
DKGR505Uni200x80,4
DKGR505Uni300x80,0
DKGR505Uni400x80,6
DKGR505Uni200x200Q,1
DKRDTeppstar,0
DKRDTeppstar60x40,8
DKRDTeppstar90x60,1
DKRDTeppstar140x70,13
DKRDTeppstar200x140,10
DKRDTeppstar240x170,11
DKRDTeppstar250x200,4
DKRDTeppstar300x200,14
DKRDTeppstar350x250,4
DKRDTeppstar400x300,1
DKRDTeppstar200x80,1
DKRDTeppstar300x80,6
RDTeppstar,0
RDTeppstar60x40,0
RDTeppstar90x60,5
RDTeppstar140x70,0
RDTeppstar200x140,1
RDTeppstar240x170,1
RDTeppstar300x200,0
RDTeppstar350x250,0
RDTeppstar200x80,0
RDTeppstar300x80,3
ORTeppstar,0
ORTeppstar60x40,20
ORTeppstar90x60,13
ORTeppstar140x70,8
ORTeppstar160x90,1
ORTeppstar200x140,6
ORTeppstar240x170,4
ORTeppstar300x200,0
ORTeppstar300x250,1
ORTeppstar350x250,0
ORTeppstar400x300,3
ORTeppstar200x80,4
ORTeppstar300x80,6
ORTeppstar400x80,1
ORTeppstar250x250Q,4
GDTeppstar,0
GDTeppstar60x40,7
GDTeppstar90x60,6
GDTeppstar140x70,0
GDTeppstar160x90,3
GDTeppstar200x140,0
GDTeppstar240x170,0
GDTeppstar250x200,1
GDTeppstar300x200,0
GDTeppstar200x80,0
GDTeppstar300x80,0
BLTeppstar,0
BLTeppstar60x40,7
BLTeppstar90x60,3
BLTeppstar140x70,9
BLTeppstar160x90,7
BLTeppstar200x140,4
BLTeppstar240x170,11
BLTeppstar300x200,9
BLTeppstar350x250,4
BLTeppstar200x80,2
BLTeppstar300x80,5
TKTeppstar,0
TKTeppstar60x40,3
TKTeppstar90x60,4
TKTeppstar140x70,5
TKTeppstar160x90,4
TKTeppstar200x140,7
TKTeppstar240x170,2
TKTeppstar250x200,1
TKTeppstar300x200,5
TKTeppstar350x250,0
TKTeppstar400x300,1
TKTeppstar200x80,4
TKTeppstar300x80,8
TKTeppstar350x80,0
TKTeppstar250x250Q,2
SVTeppstar,0
SVTeppstar60x40,0
SVTeppstar90x60,10
SVTeppstar140x70,1
SVTeppstar200x140,1
SVTeppstar240x170,2
SVTeppstar300x200,0
SVTeppstar350x250,1
SVTeppstar200x80,1
SVTeppstar300x80,2
GREYTeppstar,0
GREYTeppstar60x40,17
GREYTeppstar90x60,7
GREYTeppstar140x70,7
GREYTeppstar200x140,3
GREYTeppstar240x170,1
GREYTeppstar250x200,2
GREYTeppstar300x200,4
GREYTeppstar300x250,1
GREYTeppstar350x250,0
GREYTeppstar200x80,0
GREYTeppstar300x80,0
GREYTeppstar400x80,2
GREYTeppstar250x250Q,2
NATeppstar,0
NATeppstar60x40,3
NATeppstar90x60,0
NATeppstar140x70,3
NATeppstar160x90,5
NATeppstar200x140,8
NATeppstar240x170,2
NATeppstar300x200,3
NATeppstar350x250,1
NATeppstar200x80,3
NATeppstar300x80,1
NATeppstar250x250Q,4
BGTeppstar,0
BGTeppstar60x40,8
BGTeppstar90x60,9
BGTeppstar140x70,3
BGTeppstar160x90,3
BGTeppstar200x140,0
BGTeppstar240x170,0
BGTeppstar300x200,0
BGTeppstar350x250,0
BGTeppstar400x300,2
BGTeppstar200x80,3
BGTeppstar300x80,3
BGTeppstar400x80,2
SDGREYTeppstar,0
SDGREYTeppstar60x40,4
SDGREYTeppstar90x60,0
SDGREYTeppstar140x70,5
SDGREYTeppstar160x90,8
SDGREYTeppstar200x140,4
SDGREYTeppstar240x170,5
SDGREYTeppstar250x200,2
SDGREYTeppstar300x200,4
SDGREYTeppstar350x250,0
SDGREYTeppstar200x80,5
SDGREYTeppstar300x80,10
SDGREYTeppstar250x250Q,3
BRTeppstar,0
BRTeppstar60x40,0
BRTeppstar90x60,0
BRTeppstar140x70,2
BRTeppstar160x90,3
BRTeppstar200x140,0
BRTeppstar240x170,0
BRTeppstar300x200,1
BRTeppstar300x250,1
BRTeppstar350x250,0
BRTeppstar400x300,1
BRTeppstar200x80,0
BRTeppstar300x80,0
BRTeppstar250x250R,0
BRTeppstar250x250Q,3
PURTeppstar,0
PURTeppstar60x40,9
PURTeppstar90x60,3
PURTeppstar140x70,6
PURTeppstar160x90,6
PURTeppstar200x140,7
PURTeppstar240x170,2
PURTeppstar250x200,2
PURTeppstar300x200,7
PURTeppstar350x250,0
PURTeppstar400x300,1
PURTeppstar200x80,8
PURTeppstar300x80,8
PURTeppstar250x250Q,2
CHOLTeppstar,0
CHOLTeppstar60x40,0
CHOLTeppstar90x60,0
CHOLTeppstar140x70,0
CHOLTeppstar160x90,2
CHOLTeppstar200x140,2
CHOLTeppstar240x170,1
CHOLTeppstar250x200,2
CHOLTeppstar300x200,3
CHOLTeppstar350x250,0
CHOLTeppstar200x80,0
CHOLTeppstar300x80,3
CHODTeppstar,0
CHODTeppstar60x40,0
CHODTeppstar90x60,6
CHODTeppstar140x70,3
CHODTeppstar160x90,5
CHODTeppstar200x140,0
CHODTeppstar240x170,0
CHODTeppstar300x200,2
CHODTeppstar350x250,0
CHODTeppstar200x80,0
CHODTeppstar300x80,4
RDCroco,0
RDCroco90x60,2
RDCroco120x80,2
RDCroco150x100,2
RDCroco200x140,2
RDCroco240x170,1
RDCroco250x200,1
RDCroco300x200,2
RDCroco300x250,1
RDCroco350x250,1
RDCroco400x300,1
RDCroco300x80,1
BGCroco,0
BGCroco90x60,1
BGCroco120x80,1
BGCroco150x100,3
BGCroco200x140,2
BGCroco240x170,2
BGCroco250x200,1
BGCroco300x200,1
BGCroco300x250,1
BGCroco350x250,2
BGCroco400x300,2
BGCroco300x80,1
RDAsteria,0
RDAsteria90x60,17
RDAsteria140x70,17
RDAsteria200x140,18
RDAsteria240x170,21
RDAsteria250x200,6
RDAsteria300x200,10
RDAsteria300x250,4
RDAsteria350x250,5
RDAsteria200x80,10
RDAsteria300x80,15
GDAsteria,0
GDAsteria90x60,27
GDAsteria140x70,10
GDAsteria200x140,13
GDAsteria240x170,10
GDAsteria250x200,10
GDAsteria300x200,7
GDAsteria300x250,4
GDAsteria350x250,6
GDAsteria200x80,20
GDAsteria300x80,19
BRAsteria,0
BRAsteria90x60,11
BRAsteria140x70,17
BRAsteria200x140,13
BRAsteria240x170,8
BRAsteria250x200,0
BRAsteria300x200,7
BRAsteria300x250,7
BRAsteria350x250,9
BRAsteria200x80,11
BRAsteria300x80,9
BGAsteria,0
BGAsteria90x60,12
BGAsteria140x70,18
BGAsteria200x140,7
BGAsteria240x170,14
BGAsteria250x200,14
BGAsteria300x200,5
BGAsteria300x250,8
BGAsteria350x250,8
BGAsteria200x80,10
BGAsteria300x80,14
BLAsteria,0
BLAsteria90x60,15
BLAsteria140x70,12
BLAsteria200x140,14
BLAsteria240x170,19
BLAsteria250x200,19
BLAsteria300x200,13
BLAsteria300x250,5
BLAsteria350x250,9
BLAsteria200x80,16
BLAsteria300x80,19
BLAsteria400x80,4
GREYAsteria,0
GREYAsteria90x60,20
GREYAsteria140x70,20
GREYAsteria200x140,10
GREYAsteria240x170,15
GREYAsteria250x200,3
GREYAsteria300x200,5
GREYAsteria300x250,4
GREYAsteria350x250,3
GREYAsteria200x80,5
GREYAsteria300x80,10
RDFenth,0
RDFenth90x60,10
RDFenth140x70,19
RDFenth200x140,6
RDFenth240x170,4
RDFenth250x200,4
RDFenth300x200,11
RDFenth300x250,0
RDFenth350x250,2
RDFenth200x80,4
RDFenth240x80,1
RDFenth300x80,4
RDFenth200x200R,3
RDFenth240x170O,2
ORFenth,0
ORFenth90x60,10
ORFenth140x70,9
ORFenth200x140,6
ORFenth240x170,5
ORFenth250x200,4
ORFenth300x200,7
ORFenth300x250,5
ORFenth350x250,10
ORFenth400x300,4
ORFenth200x80,8
ORFenth240x80,5
ORFenth300x80,8
ORFenth350x80,2
ORFenth200x200Q,3
ORFenth200x200R,2
ORFenth240x170O,2
GDFenth,0
GDFenth90x60,11
GDFenth140x70,11
GDFenth160x90,7
GDFenth200x140,10
GDFenth240x170,7
GDFenth250x200,8
GDFenth300x200,7
GDFenth300x250,0
GDFenth350x250,7
GDFenth200x80,6
GDFenth240x80,1
GDFenth300x80,17
GDFenth200x200R,3
GDFenth240x170O,2
GRFenth,0
GRFenth60x40,14
GRFenth90x60,11
GRFenth140x70,8
GRFenth200x140,8
GRFenth240x170,11
GRFenth250x200,6
GRFenth300x200,6
GRFenth300x250,0
GRFenth350x250,5
GRFenth400x300,2
GRFenth200x80,4
GRFenth240x80,4
GRFenth300x80,14
GRFenth350x80,1
GRFenth400x80,4
GRFenth200x200Q,1
GRFenth200x200R,1
GRFenth240x170O,0
BGFenth,0
BGFenth90x60,12
BGFenth140x70,10
BGFenth200x140,12
BGFenth240x170,4
BGFenth250x200,4
BGFenth300x200,7
BGFenth300x250,0
BGFenth350x250,0
BGFenth400x300,0
BGFenth200x80,7
BGFenth300x80,11
BGFenth350x80,1
BGFenth400x80,7
BGFenth200x200Q,2
BGFenth240x170O,2
BLFenth,0
BLFenth90x60,5
BLFenth140x70,0
BLFenth200x140,1
BLFenth240x170,0
BLFenth250x200,0
BLFenth300x200,1
BLFenth300x250,0
BLFenth350x250,0
BLFenth400x300,2
BLFenth200x80,0
BLFenth300x80,0
BLFenth400x80,4
BLFenth200x200Q,1
BLFenth200x200R,1
BLFenth240x170O,0
ORWave,0
ORWave180x120,1
ORWave200x140,1
GRWave,0
GRWave180x120,2
GRWave250x80,2
BRWave,0
BRWave180x120,1
BRWave200x140,2
BRModaro,0
BRModaro160x90,2
BRModaro180x120,4
BRModaro200x140,1
BRModaro250x80,2
GRModaro,0
GRModaro180x120,6
GRModaro200x140,1
GRModaro250x80,1
ORModaro,0
ORModaro160x90,4
ORModaro180x120,6
ORModaro200x80,1
ORModaro200x140,1
ORModaro250x80,2
BLModaro,0
BLModaro160x90,2
BLModaro180x120,4
BLModaro250x80,3
PURModaro,0
PURModaro160x90,4
PURModaro180x120,3
PURModaro200x140,1
PURModaro200x80,1
DKPURModaro,0
DKPURModaro160x90,4
DKPURModaro180x120,13
DKPURModaro200x140,2
DKPURModaro250x80,4
DKRDLerena,0
DKRDLerena200x140,12
DKBRLerena,0
DKBRLerena200x140,10
LTBRLerena,0
LTBRLerena200x140,14
GDLerena,0
GDLerena200x140,26
BLErana,0
BLErana180x120,2
GDErana,0
GDErana160x90,1
GDErana180x120,6
GDErana250x80,3
RDErana,0
RDErana180x120,6
RDErana250x80,1
GRErana,0
GRErana180x120,5
RDAmaz,0
RDAmaz200x80,25
RDAmaz240x170,21
RDAmaz300x200,14
GRAmaz,0
GRAmaz200x80,21
GRAmaz200x140,11
GRAmaz240x170,10
GRAmaz300x200,7
ORHerosia,0
ORHerosia180x120,116
BKHerosia,0
BKHerosia180x120,68
BGHerosia,0
BGHerosia180x120,91
LIBLWeys,0
LIBLWeys180x120,2
LIBLWeys240x170,2
LIBLWeys300x200,2
LIBLWeys340x240,1
LIBLWeys300x75,2
RDLIWeys,0
RDLIWeys180x120,1
RDLIWeys240x170,1
RDLIWeys300x200,2
RDLIWeys340x240,1
RDLIWeys300x75,2
TKBLWeys,0
TKBLWeys180x120,1
TKBLWeys240x170,2
TKBLWeys300x200,2
GDGRWeys,0
GDGRWeys180x120,2
GDGRWeys240x170,1
GDGRWeys300x200,2
GDGRWeys340x240,1
GDGRWeys300x75,2
RDWeys,0
RDWeys180x120,2
RDWeys240x170,1
RDWeys300x200,2
RDWeys340x240,1
RDWeys300x75,2
SIBGWeys,0
SIBGWeys180x120,1
SIBGWeys240x170,1
SIBGWeys340x240,1
SIBGWeys300x75,2
GDLIWeys,0
GDLIWeys180x120,2
GDLIWeys240x170,2
GDLIWeys300x200,2
GDLIWeys340x240,1
GDLIWeys300x75,2
GRRDWeys,0
GRRDWeys180x120,1
GRRDWeys240x170,1
GRRDWeys300x200,1
GRRDWeys340x240,1
GRRDWeys300x75,1
BRGDWeys,0
BRGDWeys180x120,1
BRGDWeys240x170,1
BRGDWeys300x200,1
BRGDWeys340x240,1
BRGDWeys300x75,1
GRChenille,0
GRChenille90x60,2
GRChenille140x70,2
GRChenille180x120,1
GRChenille230x160,1
LTBRChenille,0
LTBRChenille90x60,1
LTBRChenille140x70,2
LTBRChenille180x120,2
LTBRChenille230x160,2
BLChenille,0
BLChenille90x60,2
BLChenille180x120,1
BLChenille230x160,2
SVChenille,0
SVChenille90x60,1
SVChenille140x70,2
SVChenille180x120,1
SVChenille230x160,2
BKChenille,0
BKChenille90x60,2
BKChenille140x70,2
BKChenille180x120,2
BKChenille230x160,2
RDChenille,0
RDChenille90x60,2
RDChenille140x70,1
RDChenille180x120,2
RDChenille230x160,2
ORChenille,0
ORChenille90x60,2
ORChenille180x120,1
GRYChenille,0
GRYChenille90x60,2
GRYChenille140x70,2
GRYChenille180x120,1
GRYChenille230x160,2
BGMahi,0
BGMahi200x150,1
BGMahi240x170,2
BGMahi300x200,2
BGMahi350x250,1
BGMahi400x300,1
BGMahi300x80,1
RDMahi,0
RDMahi200x150,1
RDMahi240x170,4
RDMahi300x200,1
RDMahi300x250,1
RDMahi350x250,1
RDMahi400x300,1
RDMahi300x80,1
BKMahi,0
BKMahi200x150,1
BKMahi240x170,3
BKMahi300x200,1
BKMahi300x250,1
BKMahi350x250,2
BKMahi300x80,2
RDGeoI.Bidjar,0
RDGeoI.Bidjar240x170,1
RDGeoI.Bidjar250x250R,1
RDGeoI.Bidjar300x200,1
RDGeoI.Bidjar350x250,1
BGGeoI.Bidjar,0
BGGeoI.Bidjar240x170,1
BGGeoI.Bidjar300x200,1
BGGeoI.Bidjar350x250,1
RDHeratiF,0
RDHeratiF250x200,1
RDHeratiF300x200,1
RDHeratiF350x250,1
Sisalo,0
Sisalo90x90,7
Sisalo125x125,6
PablaBG,0
PablaBG240x170,3
PablaBG200x140,12
DKArias,0
DKArias140x70,5
DKArias200x75,9
DKArias250x75,8
DKArias300x75,3
LTArias,0
LTArias140x70,3
LTArias200x75,9
LTArias250x75,6
LTArias300x75,3
LTArias200x140,2
GRSaphira,0
GRSaphira315x245,3
GRSaphira240x155,16
CHSaphira,0
CHSaphira240x155,4
BKSaphira,0
BKSaphira315x245,1
BKSaphira240x155,8
MTBRSaphira,0
MTBRSaphira240x155,28
DKGRSaphira,0
DKGRSaphira240x155,2
BKMilla,0
BKMilla300x200,8
BKMilla240x155,6
BGSaphira,0
Elda,0
Elda140x70,69
Elda240x170,14
Varna,0
Varna60x40,343
Varna90x60,558
Varna180x120,50
Nissa,0
Nissa90x60,12
Nissa160x90,9
Levi,0
Levi60x40,282
Levi90x60,274
Levi140x70,121
Levi180x120,44
